station name,lat,long,routes served,Districts/Neighborhoods,income,hardshipIndex,projectedPoint,Wrigleyville,may_20_avg_weekday_rides,apr_20_avg_weekday_rides,feb_20_avg_weekday_rides,jan_20_avg_weekday_rides,prePanAvgRidership,JanFeb20AvgRidership,postPanAvgRidership,lockdownRelativeAvg,postPanRelativeAvg,avg_weekday_ridership_jun_23,avg_weekday_ridership_jul_23,avg_weekday_ridership_aug_23,avg_weekday_ridership_sept_23,avg_weekday_ridership_oct_23,post_pan_avg,previous avg
Howard,42.018993,-87.672673,"purple, red, yellow, purple express",Rogers Park,29682,,,,1354.9,1307.5,4883.6,4801.2,5583.893333,4842.4,3067.76,0.2749050058,0.5493944488,2974.4,2893.3,3082.7,3195.5,3192.9,3067.76,5583.893333
Jarvis,42.015937,-87.66919,red,Rogers Park,29682,40.9,,,276.8,293.7,1387.2,1359.3,1573.006667,1373.25,994.74,0.207718915,0.6323812995,900.1,941.1,995.5,1087.3,1049.7,994.74,1573.006667
Morse,42.007861,-87.66563,red,Rogers Park,29682,40.9,,,723.4,701.4,4162.7,4119.4,4584.46,4141.05,2356.04,0.172033663,0.5139187603,2182.4,2203.1,2304.1,2553.8,2536.8,2356.04,4584.46
Loyola,42.001423,-87.66086,red,Rogers Park,29682,39,,,621.2,626.8,5355.7,4869.3,5321.066667,5112.5,3101.98,0.1220537897,0.5829620627,2434.1,2461.1,2841.9,3985.8,3787,3101.98,5321.066667
Granville,41.994424,-87.659195,red,Edgewater,42486,19,,,486.9,496.8,3601.7,3533.1,3917.12,3567.4,2177.62,0.1378735213,0.5559237399,1816.7,1827.6,1989.6,2632.5,2621.7,2177.62,3917.12
Thorndale,41.990129,-87.659041,red,Edgewater,42486,19,,,385.6,363.6,2761.5,2743,3060.893333,2752.25,1744.78,0.1361068217,0.5700231305,1483,1445.9,1783.5,2019.9,1991.6,1744.78,3060.893333
Bryn Mawr,41.983507,-87.658845,red,Edgewater,42486,19,,,598.2,605.5,4174.4,4251.6,4675.766667,4213,1948.8,0.1428554474,0.4167872648,2248.4,2170.8,1642.2,1849.4,1833.2,1948.8,4675.766667
Berwyn,41.978071,-87.658695,red,Edgewater,42486,19,,,481.6,535.3,2993.1,2975,3352.233333,2984.05,closed for reconstruction,0.1703892361,0,closed for reconstruction,0,0,0,0,0,3352.233333
Argyle,41.973426,-87.658574,red,Uptown,42112,20,,,446.2,462.7,2820.2,2891.6,3115.333333,2855.9,2639.92,0.1591267201,0.8473956773,2486,2467.7,2698.9,2782.3,2764.7,2639.92,3115.333333
Lawrence,41.968894,-87.658423,red,Uptown,42112,20,,,380.3,396.2,2722.2,2736.3,3287.073333,2729.25,closed for reconstruction,0.1422551983,0,closed for reconstruction,0,0,0,0,0,3287.073333
Wilson,41.965459,-87.657974,"purple, red",Uptown,42112,20,,,1142.7,1115.3,6501.6,6236.3,6389.5,6368.95,5244.3,0.1772662684,0.8207684482,4844.5,4781.4,5070.8,5766,5758.8,5244.3,6389.5
Sheridan,41.95397,-87.654728,red,Wrigleyville,74366,13.5,,,420.3,417.3,4639,4632,5274.326667,4635.5,2706.7,0.09034624097,0.5131839894,2588,2398,2763,2920.5,2864,2706.7,5274.326667
Addison-North Main,41.947302,-87.653621,red,Lake View,74366,13.5,,0.5687432465,476.1,491.3,6090.9,5971.3,9888.12,6031.1,5983.74,0.08020095837,0.605144355,6908.6,5741.4,6792.7,6183.3,4292.7,5983.74,9888.12
Belmont-North Main,41.939757,-87.653326,"brown, purple, red",Lake View,74366,13.5,,,988.8,912.9,10902.8,10974.7,12063.24667,10938.75,6701.14,0.08692492287,0.5555005369,6628.8,6219,6715.4,6936.4,7006.1,6701.14,12063.24667
Fullerton,41.925269,-87.652796,"brown, purple, red",Sheffield & DePaul,90189,11.4,,0.6144811273,703,684.1,13282.5,12980.3,12133.03333,13131.4,7455.52,0.0528161506,0.6144811273,6158,5457.6,6113,9816.7,9732.3,7455.52,12133.03333
North/Clybourn,41.910683,-87.648866,red,River North,104139,9.4,,,532.6,530.3,5105.9,5199.2,5743.06,5152.55,3037.16,0.1031431039,0.528840026,2842.9,2794.2,3031.4,3252.5,3264.8,3037.16,5743.06
Clark/Division,41.903886,-87.632775,red,Gold Coast,104139,9.4,,0.5839484241,796.7,865.1,7112.9,7083.2,8064.753333,7098.05,4709.4,0.1170603194,0.5839484241,4549.6,4338.5,4811.7,4962.2,4885,4709.4,8064.753333
Chicago/State,41.896686,-87.627929,red,Rush & Division,104139,9.4,,0.5115179835,1195.2,1213.1,12681.6,12422.9,15194.5,12552.25,7772.26,0.09593100838,0.5115179835,7353.5,7258.6,7758.2,8323.5,8167.5,7772.26,15194.5
Grand/State,41.891757,-87.628199,red,River North,104139,9.4,,0.5146950269,613.7,622.8,9310.7,9774.5,12418.72,9542.6,6411.22,0.06478842244,0.5162544932,6403.4,6489.8,6831,6241.3,6090.6,6411.22,12418.72
Lake/State,41.884976,-87.627774,red,Loop,90513,12.9,,0.5216053591,1485.8,1457.8,19914.1,19489,22313.44667,19701.55,10363.84,0.07470478211,0.4644661201,10064,9999.7,10582,10725.1,10448.4,10363.84,22313.44667
Monroe/State,41.880157,-87.627866,red,Loop,90513,12.9,,,553.5,541.4,9332.7,9214.8,10962.32,9273.75,4121.94,0.05903221458,0.3760098227,4011.7,3917.2,4366.6,4251.7,4062.5,4121.94,10962.32
Jackson/State,41.877622,-87.627835,red,Loop,90513,12.9,,,624.6,641,9535.8,8977.9,9442.786667,9256.85,4222.34,0.06836018732,0.4471497821,3428.6,3343.8,3957,5219.1,5163.2,4222.34,9442.786667
Harrison,41.874208,-87.627549,red,Loop,90513,12.9,,,208.3,204.7,3865.6,3162.7,3953.486667,3514.15,2325.5,0.05876243188,0.5882149596,2070,2003.1,2399.1,2593,2562.3,2325.5,3953.486667
Roosevelt,41.867507,-87.626647,"green, orange, red",Near South Side,88784,10.2,,0.6526877211,1701,1750.5,10025,9408.3,11615.48,9716.65,7300.04,0.1776075088,0.6284751039,7151.4,6909.8,7325.4,7544.3,7569.3,7300.04,11615.48
Cermak-Chinatown,41.853214,-87.630981,red,Chinatown,24823,62.9,,,428.4,414.5,3232.2,3398.8,4421.633333,3315.5,2927.46,0.1271150656,0.6620766082,2932.7,2882.7,3058.2,2884.3,2879.4,2927.46,4421.633333
Sox-35th-Dan Ryan,41.83115,-87.630636,red,Armour Square,24823,62.9,,,567.6,581.9,3681.9,3583.3,4945.046667,3632.6,2432.22,0.1582200077,0.4918497567,2262,2431.1,2632.6,2802,2033.4,2432.22,4945.046667
47th-Dan Ryan,41.809487,-87.631557,red,Fuller Park,13982,75.1,,0.502713406,691.4,715.8,2437.8,2445.1,2836.326667,2441.45,1440.8,0.2881893956,0.5079809801,1311.7,1355.6,1434.4,1572.3,1530,1440.8,2836.326667
Garfield-Dan Ryan,41.79472,-87.631181,red,Fuller Park,13982,75.1,,,727.2,797.3,2661.2,2642.9,3241.76,2652.05,1612.6,0.2874191663,0.4974458319,1513.9,1542.1,1583.8,1707,1716.2,1612.6,3241.76
63rd-Dan Ryan,41.780451,-87.631003,red,Englewood,15034,68.2,,0.4544517027,864.4,907.3,2693.8,2672.7,3021.233333,2683.25,1295.54,0.3301406876,0.4288116332,1225.3,1206.7,1275.3,1398.8,1371.6,1295.54,3021.233333
69th,41.768992,-87.62581,red,Grand Crossing,19735,57.1,,,1230.9,1363.2,3931.9,3971.5,4896.14,3951.7,2266.18,0.3282258269,0.462850327,2135.5,2089,2192.7,2393.8,2519.9,2266.18,4896.14
79th,41.750827,-87.625176,red,Chatham,25788,49.2,,0.4622570303,1777.2,1960.7,5609.1,5624.7,6707.28,5616.9,3115.9,0.3327369189,0.4645549314,3013.3,2963,3061.7,3301,3240.5,3115.9,6707.28
87th,41.736122,-87.624771,red,Chatham,25788,49.2,,,928,1044.7,3356,3346.7,4028.966667,3351.35,1853.16,0.2943142316,0.4599591293,1704,1719.1,1791.3,1986.4,2065,1853.16,4028.966667
95th/Dan Ryan,41.722473,-87.624388,red,Roseland,20782,,,,2739.2,2879.5,8519.5,8384.1,9892.793333,8451.8,4685.7,0.3323966492,0.4736478204,4485.5,4486.7,4601.3,4988.5,4866.5,4685.7,9892.793333
Linden,42.073325,-87.690837,purple,Wilmette,103076,,,,115.3,97.6,792.9,835.2,1107.986667,814.05,561,0.1307659235,0.5063237825,600.5,551.5,664.9,528,460.1,561,1107.986667
Central-Evanston,42.064105,-87.68574,purple,Evanston,63888,,,,176.4,188.8,726.1,728.5,844.1733333,727.3,453.04,0.251065585,0.5366670352,459.5,480.8,449.8,436.6,438.5,453.04,844.1733333
Noyes,42.05835,-87.683467,purple,Evanston,63888,,,,58.3,58.5,912,901,934.6066667,906.5,498.86,0.06442360728,0.5337646497,474.5,475,437.7,530.4,576.7,498.86,934.6066667
Foster,42.054088,-87.683667,purple,Evanston,63888,,,,75.9,71,775.8,739.9,888.6066667,757.85,429.86,0.09691891535,0.4837460894,440.8,438.4,385.7,428,456.4,429.86,888.6066667
Davis,42.047842,-87.683633,purple,Evanston,63888,,,,463,435.2,3284.3,3338.6,3714.166667,3311.45,1673.6,0.1356203476,0.4505990577,1644.2,1666.5,1657.2,1689,1711.1,1673.6,3714.166667
Dempster,42.041655,-87.681602,purple,Evanston,63888,,,,115,120.4,738.8,727.8,861.1,733.3,443.96,0.1605072958,0.5155731042,452,436.3,432.6,464.2,434.7,443.96,861.1
Main,42.033287,-87.679582,purple,Evanston,63888,,,,158.9,122.2,1069,1061.2,1214.74,1065.1,584.62,0.1319594404,0.4812717125,571.4,567.6,565.5,626.6,592,584.62,1214.74
South Boulevard,42.027405,-87.678428,purple,Evanston,63888,,,,118.9,121.5,749.5,755,809.5266667,752.25,400,0.1597873048,0.4941159031,400.6,389.1,405.8,401.7,402.8,400,809.5266667
Dempster-Skokie,42.039094,-87.75201,yellow,Skokie,43338,,,,237.7,227.9,1582.1,1574,2114.3,1578.05,998.32,0.1475238427,0.472175188,983.6,933.4,1089.3,1055.1,930.2,998.32,2114.3
Oakton-Skokie,42.026468,-87.74736,yellow,Skokie,43338,,,,147.6,138.1,905.3,870.9,1029.88,888.1,537.38,0.1608490035,0.5217889463,506.8,487.2,516.7,592.4,583.8,537.38,1029.88
O'Hare Airport,41.977665,-87.904223,blue,O'Hare,35715,,,0.5921416038,1692.9,1861.3,8975.8,9029.6,12192.48,9002.7,9164.9,0.1973963367,0.751684645,9141.2,8782.2,9177.4,9110.7,9613,9164.9,12192.48
Rosemont,41.983586,-87.859962,blue,Rosemont,38701,,,,1049.1,969.6,5426.1,5401.7,7020.06,5413.9,3662.28,0.1864367646,0.5216878488,3583.9,3501.9,3714.8,3706.8,3804,3662.28,7020.06
Cumberland,41.984246,-87.838028,blue,O'Hare,35715,,,,479.4,476.3,3934.5,3867.9,4761.273333,3901.2,2059.72,0.1224879524,0.4325985626,2033,1930.6,2104.3,2090.8,2139.9,2059.72,4761.273333
Harlem-O'Hare,41.982328,-87.808004,blue,Norwood Park,45474,31.3,,,380.2,361.9,2668.7,2616.8,3034.986667,2642.75,1659.26,0.1404029893,0.5467108038,1569,1517.6,1638.6,1807.6,1763.5,1659.26,3034.986667
Jefferson Park,41.970764,-87.761229,blue,Jefferson Park,35584,31.9,,,1148.8,1119.7,6175.4,6093.5,6750.233333,6134.45,4202.26,0.1848984016,0.6225355173,3986.8,3954.3,4194.4,4461.9,4413.9,4202.26,6750.233333
Montrose-O'Hare,41.961017,-87.743042,blue,Irving Park,38888,32.9,,0.5352789118,247.9,260.5,2363,2373.3,2741.453333,2368.15,1452.82,0.1073411735,0.5299451872,1394.6,1359.3,1426.5,1534.3,1549.4,1452.82,2741.453333
Irving Park-O'Hare,41.952925,-87.729229,blue,Irving Park,38888,32.9,,,551.1,538.1,4023.6,3947.1,4458.286667,3985.35,2431.94,0.1366504824,0.5454875789,2312.2,2323.4,2408.3,2552.7,2563.1,2431.94,4458.286667
Addison-O'Hare,41.946604,-87.718458,blue,Irving Park,38888,32.9,,,405.5,386.1,2834.7,2799.4,3136.213333,2817.05,1663.46,0.1405015885,0.5304039691,1601.5,1500.8,1646.5,1806.8,1761.7,1663.46,3136.213333
Belmont-O'Hare,41.939111,-87.712252,blue,Avondale,35760,34.1,,,649.7,624.4,4855.2,4717.6,5171.666667,4786.4,3120.7,0.1330958549,0.6034224944,2957.3,2902.7,3076,3296.9,3370.6,3120.7,5171.666667
Logan Square,41.929695,-87.707693,blue,Logan Square,52835,23.4,,0.5125941656,541.3,521.9,7048.5,6946.6,7658.46,6997.55,3952.44,0.07596944645,0.5160880908,3818,3721.4,3924,4127,4171.8,3952.44,7658.46
California/Milwaukee,41.922102,-87.697123,blue,Logan Square,52835,23.4,,,345.5,346.4,5528.5,5504,5832.446667,5516.25,2969.3,0.06271470655,0.5091002404,2834.7,2765.3,2955.3,3121.7,3169.5,2969.3,5832.446667
Western/Milwaukee,41.916228,-87.687243,blue,Bucktown,68188,14.8,,,352.4,337.4,5545.4,5462.1,5708.366667,5503.75,3011.86,0.06266636384,0.5276220285,2863.5,2807.1,3040.9,3137.4,3210.4,3011.86,5708.366667
Damen/Milwaukee,41.909845,-87.67754,blue,Wicker Park,68188,14.8,,,352,336.8,5919.8,5980,6888.406667,5949.9,3422.56,0.05788332577,0.4968580059,3352.8,3311.2,3461.4,3497,3490.4,3422.56,6888.406667
Division/Milwaukee,41.903589,-87.667303,blue,West Town,68188,,,0.5755403941,395,376.8,5604.3,5511.3,6140.366667,5557.8,3438.32,0.06943394868,0.5599535315,3348.4,3133.8,3410.1,3674.5,3624.8,3438.32,6140.366667
Chicago/Milwaukee,41.896242,-87.655415,blue,West Town,68188,,,,266.6,256.3,3832,3650,4263.3,3741,2234.1,0.06988773055,0.5240306805,2196.2,2128.3,2214.2,2273.6,2358.2,2234.1,4263.3
Grand/Milwaukee,41.891225,-87.647607,blue,West Town,68188,,,,208.6,164.5,2626.3,2587.1,2971.693333,2606.7,1909.72,0.071565581,0.6426369702,1910.7,1854.5,1993.9,1865.5,1924,1909.72,2971.693333
Washington/Dearborn,41.883709,-87.629322,blue,Loop,90513,12.9,,,766,734.8,13201.7,13078.8,13996.62667,13140.25,6540.4,0.05710698046,0.4672840218,6729.5,6527.8,6239.4,6384.3,6821,6540.4,13996.62667
Monroe/Dearborn,41.880121,-87.629357,blue,Loop,90513,12.9,,,380.3,368.9,7986,7790,8475.073333,7888,3429.98,0.04748985801,0.4047139022,3441.6,3278.5,3330.6,3398.4,3700.8,3429.98,8475.073333
Jackson/Dearborn,41.878183,-87.629296,blue,Loop,90513,12.9,,,604.7,605.3,6980.3,6624.1,7371.933333,6802.2,3546.82,0.08894181294,0.4811248067,3126.7,3222,3758.9,3704,3922.5,3546.82,7371.933333
LaSalle,41.875664,-87.631242,blue,Loop,90513,12.9,,,223.1,185.8,2989.4,2689.5,3107.06,2839.45,1582.48,0.07200338094,0.5093174898,1456.9,1368.9,1529.3,1687.8,1869.5,1582.48,3107.06
Clinton-Forest Park,41.875539,-87.640984,blue,West Loop,59635,27.1,,0.5017721148,261.8,263.4,3732,3614.8,3694.026667,3673.4,1272.46,0.07148690586,0.3444642161,1736.6,1183.3,445,1396.9,1600.5,1272.46,3694.026667
UIC-Halsted,41.8755,-87.647254,blue,Greektown,59635,,,0.4751843118,286.6,282.1,7285.8,5931.8,5911.18,6608.8,2808.9,0.04302596538,0.4751843118,1683.7,1203.8,1814.6,4920,4422.4,2808.9,5911.18
Racine,41.875892,-87.659458,blue,West Loop,59635,27.1,,,163.5,172.7,2167.6,2081.2,2179.066667,2124.4,372.94,0.07912822444,0.1711466683,863.5,544.2,0,0,457,372.94,2179.066667
Medical Center,41.875656,-87.673621,blue,United Center,59635,27.1,,0.5437099972,444.5,449.6,2720.8,2663,2562.853333,2691.9,1492.16,0.1660722909,0.5822260605,1378.2,1458.4,1586.4,1639.9,1397.9,1492.16,2562.853333
Western-Forest Park,41.87558,-87.686564,blue,United Center,59635,27.1,,,282.5,296.8,1572.6,1511.3,1651.573333,1541.95,489.46,0.1878465579,0.2963598347,681.6,584.3,334.8,343.7,502.9,489.46,1651.573333
Kedzie-Homan-Forest Park,41.874251,-87.706017,blue,Garfield Park,15449.5,65.8,,0.5288242178,503.8,552.9,1690.2,1732,1986.553333,1711.1,666.44,0.3087779791,0.3354755137,835.4,750,537.1,542.4,667.3,666.44,1986.553333
Pulaski-Forest Park,41.873866,-87.727927,blue,Garfield Park,15449.5,65.8,,,663.4,723.1,1687.8,1625.9,1726.733333,1656.85,591.72,0.4184144612,0.3426817497,755.9,650.2,493.4,501.5,557.6,591.72,1726.733333
Cicero-Forest Park,41.871574,-87.745154,blue,Austin,21385,56.1,,0.5401881731,401.8,420.1,1138.7,1150.4,1370.833333,1144.55,506.5,0.3590494081,0.3694832827,629.4,557.7,434.2,420.3,490.9,506.5,1370.833333
Austin-Forest Park,41.870907,-87.777343,blue,Oak Park,66755,,,,295.6,293,1716.1,1652.5,2008.493333,1684.3,539.56,0.1747313424,0.268639179,678.2,574.7,423.7,456.4,564.8,539.56,2008.493333
Oak Park-Forest Park,41.872108,-87.791602,blue,Oak Park,66755,,,,147.6,150.7,1681.8,1634.5,1900.053333,1658.15,460.44,0.08994964267,0.2423300399,607.6,511.7,339.1,355.6,488.2,460.44,1900.053333
Harlem-Forest Park,41.87349,-87.806961,blue,Forest Park,54017,,,,282,290.4,994.4,1019.1,1275.646667,1006.75,364.72,0.2842811026,0.2859098915,447.9,396.2,312.6,309.7,357.2,364.72,1275.646667
Forest Park,41.874251,-87.816591,blue,Forest Park,54017,,,,722.9,723.5,2848.4,2823,3452.82,2835.7,1091.7,0.2550340304,0.3161763428,1236.9,1154.8,971.1,966.2,1129.5,1091.7,3452.82
Polk,41.871548,-87.66956,pink,"Little Italy, UIC",59635,27.1,,,457.3,415.4,3284,3164.1,3369.686667,3224.05,2444.62,0.1353421938,0.7254739808,1949.8,2140.1,2545.5,2918.3,2669.4,2444.62,3369.686667
18th,41.857911,-87.669195,pink,Lower West Side,30762,,,0.7137733093,236.1,236.9,1682.3,1653.3,1876.7,1667.8,1297.08,0.1418035736,0.6911493579,1246,1187.8,1277,1371.5,1403.1,1297.08,1876.7
Damen-Cermak,41.854613,-87.67608,pink,Lower West Side,30762,,,,239.2,206.3,1511.1,1445.9,1588.74,1478.5,1139.54,0.1506594521,0.7172602188,1074.7,1067.9,1128.2,1218.7,1208.2,1139.54,1588.74
Western-Cermak,41.854452,-87.685403,pink,Lower West Side,30762,,,,247.9,256.8,1028.4,1032.5,1163.626667,1030.45,865.04,0.2448930079,0.743399945,795.5,802.3,860.5,936.5,930.4,865.04,1163.626667
California-Cermak,41.854269,-87.695326,pink,Little Village,14234,66.7,,,276.7,287.4,1320.8,1311.4,1496.473333,1316.1,1104.82,0.2143074234,0.7382824507,993.2,1001.9,1051.1,1368.9,1109,1104.82,1496.473333
Kedzie-Cermak,41.854143,-87.705435,pink,North Lawndale,17708,60.3,,0.6588577887,208,221.8,917.5,890.4,1118.146667,903.95,809.68,0.237734388,0.7241268289,690.1,698.2,774.7,1042.4,843,809.68,1118.146667
Central Park,41.854059,-87.715226,pink,North Lawndale,17708,60.3,,,251.6,268.8,1081.9,1066.5,1211.373333,1074.2,758.08,0.2422267734,0.6258021199,702.5,715.3,740.7,821.8,810.1,758.08,1211.373333
Pulaski-Cermak,41.853873,-87.724668,pink,North Lawndale,17708,60.3,,,290.1,300.8,974.1,980.9,1111.546667,977.5,783.74,0.3022506394,0.7050896049,738.5,755.2,781.7,826.1,817.2,783.74,1111.546667
Kostner,41.853751,-87.733258,pink,North Lawndale,17708,60.3,,,118.5,133.6,415.2,422.3,507.6733333,418.75,294.66,0.3010149254,0.5804126013,269.9,260.7,294.7,320,328,294.66,507.6733333
Cicero-Cermak,41.851941,-87.744498,pink,Cicero,23597,,,0.7036703002,340.6,314.4,1044.6,1038.8,1265.473333,1041.7,894.56,0.3143899395,0.7068975509,855.3,845.7,906.7,954.6,910.5,894.56,1265.473333
54th/Cermak,41.851773,-87.756692,pink,Cicero,23597,,,,449.4,445.1,1970.3,1921.9,2306.74,1946.1,1615.74,0.2298186116,0.7004430495,1449.5,1431.2,1659.3,1806.3,1732.4,1615.74,2306.74
Harlem-Lake,41.88691,-87.803487,green,Forest Park,54017,,,,803.8,759.2,3415.3,3390.2,3903.546667,3402.75,2094.16,0.229667181,0.5364762302,1888.7,1898.1,2203.6,2305,2175.4,2094.16,3903.546667
Oak Park-Lake,41.887112,-87.794091,green,Oak Park,66755,,,,124.9,111.5,1433.9,1426,1671.42,1429.95,829.32,0.08266023288,0.4961769035,751.6,753.5,901.3,910,830.2,829.32,1671.42
Ridgeland,41.887159,-87.783661,green,Oak Park,66755,,,,130.1,132.2,1275.5,1279.5,1461.26,1277.5,752.04,0.1026614481,0.5146517389,676.3,682.9,800,831.1,769.9,752.04,1461.26
Austin-Lake,41.887299,-87.774178,green,Austin,21385,56.1,,,365.5,392.5,1656.1,1640.3,1907.246667,1648.2,1071.2,0.2299478219,0.5616473311,990.5,991.5,1115.1,1164.3,1094.6,1071.2,1907.246667
Central-Lake,41.887389,-87.76565,green,Austin,21385,56.1,,,560.3,620.2,1843.5,1808,2010.56,1825.75,1226.78,0.3232917979,0.6101683113,1174.6,1163.6,1239.8,1299.1,1256.8,1226.78,2010.56
Laramie,41.88729,-87.755281,green,Austin,21385,56.1,,,301.1,336.5,988.5,976.3,1178.786667,982.4,711.5,0.3245114007,0.6035867389,657.6,636.8,719.2,791.4,752.5,711.5,1178.786667
Cicero-Lake,41.886616,-87.744569,green,Austin,21385,56.1,,,377,389.5,1092.6,1118.9,1269.046667,1105.75,705.66,0.3465973321,0.5560552015,653.4,659.6,706,764,745.3,705.66,1269.046667
Pulaski-Lake,41.885564,-87.726638,green,Garfield Park,15449.5,65.8,,,475.7,491.4,1223,1230.6,1444.933333,1226.8,934.82,0.3941555266,0.6469641045,856.3,844.9,962.6,1024.4,985.9,934.82,1444.933333
Conservatory,41.884986,-87.71618,green,Garfield Park,15449.5,65.8,,,321.2,324,879.5,867.1,931.18,873.3,600.4,0.3694034123,0.6447732984,578.9,579.7,602.3,639.2,601.9,600.4,931.18
Kedzie-Lake,41.884411,-87.706222,green,Garfield Park,15449.5,65.8,,,364.4,390.2,1357.4,1307.7,1459.373333,1332.55,763.32,0.2831413455,0.5230464218,636.8,672.4,779.6,889.3,838.5,763.32,1459.373333
California-Lake,41.884333,-87.696398,green,Garfield Park,15449.5,65.8,,,245.5,234.2,954.5,937,1074.493333,945.75,730.66,0.2536082474,0.680004219,666,676.7,749,793.1,768.5,730.66,1074.493333
Ashland-Lake,41.885388,-87.666666,"green, pink",United Center,59635,27.1,,,392.6,390.3,2503.8,2469.2,2556.9,2486.5,1924.18,0.1574301227,0.7525440964,1625.6,1752.4,1748.6,2172.8,2321.5,1924.18,2556.9
Morgan-Lake,41.885577,-87.65213,"green, pink",West Loop,59635,27.1,,,280,261.8,3820.1,3660.1,3602.106667,3740.1,3312.98,0.07243121842,0.9197340075,3256.8,3200,3413.7,3369.1,3325.3,3312.98,3602.106667
Clinton-Lake,41.885819,-87.641503,"green, pink",West Loop,59635,27.1,,,355.6,324.8,4686.9,4573,4592.653333,4629.95,2625.82,0.07347811531,0.5717435673,2495.7,2473.4,2657.7,2743,2759.3,2625.82,4592.653333
Cermak-McCormick Place,41.852791,-87.626414,green,Near South Side,88784,,,,257.2,232.5,1632.9,1484,1858.353333,1558.45,1257.92,0.1571112323,0.6769003383,1339.7,1140.9,1063.5,1188.7,1556.8,1257.92,1858.353333
35-Bronzeville-IIT,41.832152,-87.625896,green,Douglas,28547,,,,237.6,221.4,1590.1,1456,1780.946667,1523.05,1025.86,0.1506844818,0.5760194952,772.1,830.5,1053.7,1276.5,1196.5,1025.86,1780.946667
Indiana,41.821921,-87.621409,green,Grand Boulevard,29808,46.4,,0.4808901527,165.7,176.5,677.6,686.7,860.28,682.15,365.98,0.2508245987,0.4254196308,336.5,330.1,355.2,391.7,416.4,365.98,860.28
43rd,41.816569,-87.619042,green,Grand Boulevard,29808,46.4,,,223.9,231.8,887.6,889.9,1076.78,888.75,550.24,0.256371308,0.5110050335,508.4,514.5,548.9,597.2,582.2,550.24,1076.78
47th-South Elevated,41.809209,-87.618826,green,Grand Boulevard,29808,46.4,,,240.6,256.3,919.9,902.9,1165.48,911.4,576.56,0.2726025894,0.4946974637,549.9,558.5,576.3,599.6,598.5,576.56,1165.48
51st,41.802164,-87.618522,green,Grand Boulevard,29808,46.4,,,217.8,229.1,837.4,819.9,1017.873333,828.65,501.24,0.2696554637,0.4924384828,473.5,461.9,497,527.7,546.1,501.24,1017.873333
Garfield-South Elevated,41.795381,-87.618346,green,Washington Park,16193,61.3,,,233.8,241.4,980.4,954.4,1295.966667,967.4,679.32,0.2456067811,0.5241801487,653.2,653.8,652.3,717.3,720,679.32,1295.966667
King Drive,41.780339,-87.615624,green,Woodlawn,22457,53.1,,0.5118185957,140.3,145.5,397.5,387.3,534.2333333,392.4,258.96,0.3641692151,0.4847320147,243.8,231.5,256.9,281.3,281.3,258.96,534.2333333
East 63rd-Cottage Grove,41.780493,-87.605935,green,Woodlawn,22457,53.1,,,248.2,258.2,872.6,874.4,1107.393333,873.5,596.78,0.2898683457,0.5389051767,573.8,574.1,574.7,610.4,650.9,596.78,1107.393333
Halsted/63rd,41.779783,-87.645014,green,Englewood,15034,68.2,,,142.9,137.8,480.1,459.2,618.2933333,469.65,281.58,0.2988395614,0.4554149055,265.2,262.4,261.5,304.4,314.4,281.58,618.2933333
Ashland/63rd,41.77901,-87.663887,green,Englewood,15034,68.2,,,289.1,311.1,864.8,872.4,1137.44,868.6,544.98,0.3454985033,0.4791285694,512.5,495,531.3,593.2,592.9,544.98,1137.44
Kimball,41.96829,-87.71317,brown,Albany Park,32298,,,0.5924230499,580.6,535.1,3789.1,3733.3,4059.953333,3761.2,2545.96,0.1483170265,0.6270909518,2428.2,2376.5,2496.1,2744.5,2684.5,2545.96,4059.953333
Kedzie-Brown,41.966065,-87.70857,brown,Albany Park,32298,,,,280.7,248.6,1879.8,1850.6,2053.173333,1865.2,1264.34,0.1418882694,0.6157979843,1222.9,1200,1249.2,1336,1313.6,1264.34,2053.173333
Francisco,41.966157,-87.701555,brown,Albany Park,32298,,,,129.3,121,1606.4,1591.1,1726.186667,1598.75,922.44,0.07827990618,0.5343802138,915.2,888.4,925.9,942.7,940,922.44,1726.186667
Rockwell,41.966225,-87.69406,brown,Lincoln Square,49797,24.7,,0.5208907282,132.3,113.3,1819.5,1792,1809.866667,1805.75,939.76,0.06800498408,0.5192426698,929.8,889.4,946.3,957,976.3,939.76,1809.866667
Western-Brown,41.966347,-87.688467,brown,Lincoln Square,49797,24.7,,,397.3,391.2,3801.4,3830,4131.513333,3815.7,2240.88,0.1033231124,0.5423872124,2154.5,2151.7,2221.8,2359.8,2316.6,2240.88,4131.513333
Damen-Brown,41.966472,-87.678811,brown,Lincoln Square,49797,24.7,,,180.9,172,2750.8,2752.3,2878.28,2751.55,1524.3,0.06412749178,0.5295871145,1472.9,1355.9,1490.3,1651.6,1650.8,1524.3,2878.28
Montrose-Brown,41.96177,-87.675195,brown,Lincoln Square,49797,24.7,,,222.8,191.8,2594.7,2619.5,2793.28,2607.1,1375.26,0.07951363584,0.4923459159,1365.9,1317.5,1357,1410,1425.9,1375.26,2793.28
Irving Park-Brown,41.954521,-87.674868,brown,North Center,77951,18.1,,0.4751923149,200.3,186.5,3105.1,3099.5,3342.953333,3102.3,1592,0.06234084389,0.4762256129,1518.6,1468.3,1569.1,1698.1,1705.9,1592,3342.953333
Addison-Brown,41.947082,-87.674724,brown,North Center,77951,18.1,,,152.5,149.5,2486.8,2487.5,2483.006667,2487.15,1177.34,0.06071205999,0.4741590169,1112.9,1020.2,1173.4,1286.2,1294,1177.34,2483.006667
Paulina,41.943788,-87.671061,brown,Lake View,74366,13.5,,,201.8,199.2,2779.3,2779.1,2916.366667,2779.2,1617.7,0.07214306275,0.5546970546,1581,1492.1,1612.3,1695.5,1707.6,1617.7,2916.366667
Southport,41.943858,-87.663528,brown,Lake View,74366,13.5,,,153.8,132.1,3331.7,3450.8,3501.093333,3391.25,2082.68,0.0421525986,0.5948656039,2074,1930.4,2121.7,2150.8,2136.5,2082.68,3501.093333
Wellington,41.936237,-87.653242,"brown, purple",Lake View,90189,13.5,,,253.2,218,3087.9,3070,3167.94,3078.95,1731.58,0.07651959272,0.5465949481,1658.3,1588.9,1720.5,1822.6,1867.6,1731.58,3167.94
Diversey,41.932732,-87.653131,"brown, purple",Lake View,90189,13.5,,,389.6,349.9,5518.5,5587.9,5788.433333,5553.2,3045.68,0.06658323129,0.5261665505,2960.1,2816.1,2995.6,3178.3,3278.3,3045.68,5788.433333
Armitage,41.918217,-87.652644,"brown, purple",Lake View,90189,13.5,,,216.8,181.7,4101,4154,4291.4,4127.5,2567.26,0.04827377347,0.5982336767,2419.6,2274.4,2521.9,2810.1,2810.3,2567.26,4291.4
Sedgwick,41.910481,-87.638712,"brown, purple",Old Town,104139,9.4,,,313.2,311.3,3513.1,3555.4,4063.946667,3534.25,2522.72,0.08834972059,0.6207561779,2504.6,2437.5,2563.1,2543.9,2564.5,2522.72,4063.946667
Chicago/Franklin,41.895983,-87.635669,"brown, purple",River North,104139,9.4,,,590.4,511.9,6743.8,6708.6,7323.393333,6726.2,3998.68,0.08194076893,0.5460146435,3944.6,3853,4064.1,4065.2,4066.5,3998.68,7323.393333
Merchandise Mart,41.889131,-87.634026,"brown, purple",River North,104139,9.4,,,194.6,168.1,7977.7,8187.6,8538.14,8082.65,3993.04,0.02243694828,0.4676709447,4008.6,3928.8,4007,3912.6,4108.2,3993.04,8538.14
Midway Airport,41.786797,-87.738084,orange,Garfield Ridge,32788,41.9,,,1030.7,982,7313.7,7104,9121.353333,7208.85,5368.12,0.1395992426,0.5885223172,5095.5,4948.5,5396.8,5769,5630.8,5368.12,9121.353333
Pulaski-Orange,41.799986,-87.724429,orange,West Elsdon,23007,54,,,604,586.4,4932.2,4775.5,5262.713333,4853.85,3170.06,0.1226243085,0.6023622795,2840.9,2757.1,3044.6,3655.5,3552.2,3170.06,5262.713333
Kedzie-Midway,41.804584,-87.704272,orange,Brighton Park,18313,65.5,,,554.6,554.8,3265.1,3138.7,3560.373333,3201.9,2285.26,0.1732408882,0.6418596552,2116.1,2059,2236,2526.7,2488.5,2285.26,3560.373333
Western-Orange,41.80474,-87.684091,orange,Gage Park,16155,66.4,,,622.3,604.5,3520.5,3417.2,3860.566667,3468.85,2456.26,0.1768309382,0.636243384,2300.3,2267.4,2384.3,2703.3,2626,2456.26,3860.566667
35th/Archer,41.829353,-87.680622,orange,Mckinley Park,26934,46.8,,,344.5,339.1,2852,2741,3190.366667,2796.5,1830.46,0.1222242088,0.5737459644,1718.9,1670.2,1796.4,2009.8,1957,1830.46,3190.366667
Ashland-Orange,41.839324,-87.665502,orange,Lower West Side,30762,,,,318.1,314.6,1490.7,1474,1669.653333,1482.35,1174.24,0.2134111377,0.7032837156,1120.6,1085.3,1146.6,1274.2,1244.5,1174.24,1669.653333
Halsted-Orange,41.84678,-87.648088,orange,Bridgeport,31693,,,,283.7,283.3,2665.4,2470.7,2703.706667,2568.05,1688.7,0.1103950468,0.6245869868,1352.9,1341.3,1637.6,2049.8,2061.9,1688.7,2703.706667
Washington/Wells,41.882511,-87.633839,"brown, orange, pink, purple",Loop,90513,12.9,,,526.7,471.6,8425.8,8425.1,8441.806667,8425.45,4569.22,0.05924312648,0.5412609149,4454,4370.9,4581.2,4616.5,4823.5,4569.22,8441.806667
Quincy/Wells,41.878731,-87.633837,"brown, orange, pink, purple",Loop,90513,12.9,,,353.7,351.2,8127.8,8146.7,8362.106667,8137.25,4459.72,0.04331315862,0.5333249357,4265.5,4241.4,4535.5,4513.7,4742.5,4459.72,8362.106667
LaSalle/Van Buren,41.8768,-87.631739,"brown, orange, pink, purple",Loop,90513,12.9,,,217.4,202.2,3209.9,3157.2,3090.42,3183.55,1655.48,0.06590127374,0.5356812343,1551,1553,1701.7,1747,1724.7,1655.48,3090.42
Library,41.876908,-87.628503,"brown, orange, pink, purple",Loop,90513,12.9,,,407.5,391.1,3780.3,3437.8,3856.726667,3609.05,2742.2,0.1106385337,0.7110174604,2321.1,2298.5,2676.1,3280.8,3134.5,2742.2,3856.726667
Adams/Wabash,41.879558,-87.626112,"brown, orange, pink, purple, green",Loop,90513,12.9,,,560.2,507.6,7090.4,6627.6,8107.093333,6859,4447.3,0.07783933518,0.5485689898,3864,3656.6,4386.3,5172.3,5157.3,4447.3,8107.093333
Washington/Wabash,41.882256,-87.626187,"brown, green, orange, pink, purple",Loop,90513,12.9,,,969,865.1,9557.2,9546.4,9718.462222,9551.8,6961.08,0.09600808225,0.7162738138,6701.9,6893,7252,7000.6,6957.9,6961.08,9718.462222
State/Lake,41.885796,-87.627932,"purple, brown, green, orange, pink",Loop,90513,12.9,,,931.7,862.1,11787,11425.9,12901.04,11606.45,8002.56,0.0772759974,0.6203034794,7522.9,7660.1,8035.1,8416.4,8378.3,8002.56,12901.04
Clark/Lake,41.885735,-87.631345,"blue, brown, green, orange, pink, purple",Loop,90513,12.9,,,1137.9,1037.4,19520.1,19652.3,22237.9,19586.2,8916.82,0.05553144561,0.4009740128,9095.6,8755.1,8847.6,8827.9,9057.9,8916.82,22237.9
,,,,,,,,,,,,,,,,,,,,,,,,
,,,,,,,,,,,,,,,,,,,,,,,,
,,,,,,,,,68377.1,68155.7,559504.4,549707,,,,,,,,,,,,